Flair,Negative,Neutral,Positive,Compound
Media,0.64,0.36,0.0,-0.729
Fluff / Meme,0.0,0.484,0.516,0.4939
Media,0.18,0.82,0.0,-0.296
Media,0.0,0.52,0.48,0.8519
Media,0.0,0.827,0.173,0.2235
Official Media,0.0,0.654,0.346,0.5719
OC,0.0,0.833,0.167,0.4588
Media,0.0,0.267,0.733,0.6697
OC,0.0,0.526,0.474,0.4019
OC,0.0,0.744,0.256,0.4767
OC,0.437,0.563,0.0,-0.4767
OC,0.0,0.556,0.444,0.6988
OC,0.0,0.483,0.517,0.7463
OC,0.615,0.385,0.0,-0.5846
OC,0.0,0.757,0.243,0.7712
OC,0.0,0.526,0.474,0.4019
Media,0.0,0.706,0.294,0.3612
OC,0.0,0.569,0.431,0.5848
Media,0.0,0.263,0.737,0.4215
OC,0.0,0.323,0.677,0.2732
OC,0.0,0.69,0.31,0.2023
OC,0.0,0.323,0.677,0.6369
Media,0.0,0.455,0.545,0.0516
Official Media,0.345,0.655,0.0,-0.5707
OC,0.0,0.635,0.365,0.3182
OC,0.176,0.824,0.0,-0.4588
OC,0.302,0.698,0.0,-0.3818
OC,0.0,0.645,0.355,0.296
OC,0.0,0.345,0.655,0.5859
Media,0.0,0.779,0.221,0.5267
OC,0.0,0.483,0.517,0.6467
Media,0.0,0.762,0.238,0.3612
OC,0.0,0.306,0.694,0.6739
Media,0.0,0.704,0.296,0.6369
OC,0.0,0.222,0.778,0.5423
Media,0.0,0.543,0.457,0.6369
Media,0.0,0.732,0.268,0.5106
Media,0.0,0.603,0.397,0.5095
Media,0.0,0.488,0.512,0.2732
Media,0.172,0.828,0.0,-0.3612
